{"cameraMode":{"drawMode":0,"name":"Shaded","section":"Shading Mode"},"sceneLighting":true,"audioPlay":false,"sceneViewState":{"showFog":true,"showMaterialUpdate":false,"showSkybox":true,"showFlares":true,"showImageEffects":true,"showParticleSystems":true},"in2DMode":false,"pivot":{"x":-31.376102447509767,"y":43.66541290283203,"z":-1.0},"rotation":{"x":-0.07471098750829697,"y":-0.07621213048696518,"z":-0.005729975178837776,"w":0.9942796230316162},"size":74.0357894897461,"orthographic":true}